individual	PH	RS
0	57.9	64.71147294360436
1	99.3475968382233	108.28438874108211
2	121.6	108.28438874108211
3	121.6	64.71147294360436
4	100.87620158088833	71.52294588720872
5	57.9	115.09586168468647
6	99.3475968382233	57.9
7	80.15240316177669	64.71147294360436
8	78.62379841911165	64.71147294360436
9	57.9	121.6
